ID,Name,中文名称,日本語名
1,Bulbasaur,妙蛙种子,フシギダネ
2,Ivysaur,妙蛙草,フシギソウ
3,Venusaur,妙蛙花,フシギバナ
4,Charmander,小火龙,ヒトカゲ
5,Charmeleon,火恐龙,リザード
6,Charizard,喷火龙,リザードン
7,Squirtle,杰尼龟,ゼニガメ
8,Wartortle,卡咪龟,カメール
9,Blastoise,水箭龟,カメックス
10,Caterpie,绿毛虫,キャタピー
11,Metapod,铁甲蛹,トランセル
12,Butterfree,巴大蝶,バタフリー
13,Weedle,独角虫,ビードル
14,Kakuna,铁壳蛹,コクーン
15,Beedrill,大针蜂,スピアー
16,Pidgey,波波,ポッポ
17,Pidgeotto,比比鸟,ピジョン
18,Pidgeot,大比鸟,ピジョット
19,Rattata,小拉达,コラッタ
20,Raticate,拉达,ラッタ
21,Spearow,烈雀,オニスズメ
22,Fearow,大嘴雀,オニドリル
23,Ekans,阿柏蛇,アーボ
24,Arbok,阿柏怪,アーボック
25,Pikachu,皮卡丘,ピカチュウ
26,Raichu,雷丘,ライチュウ
27,Sandshrew,穿山鼠,サンド
28,Sandslash,穿山王,サンドパン
29,Nidoran♀,尼多兰,ニドラン♀
30,Nidorina,尼多娜,ニドリーナ
31,Nidoqueen,尼多后,ニドクイン
32,Nidoran♂,尼多朗,ニドラン♂
33,Nidorino,尼多力诺,ニドリーノ
34,Nidoking,尼多王,ニドキング
35,Clefairy,皮皮,ピッピ
36,Clefable,皮可西,ピクシー
37,Vulpix,六尾,ロコン
38,Ninetales,九尾,キュウコン
39,Jigglypuff,胖丁,プリン
40,Wigglytuff,胖可丁,プクリン
41,Zubat,超音蝠,ズバット
42,Golbat,大嘴蝠,ゴルバット
43,Oddish,走路草,ナゾノクサ
44,Gloom,臭臭花,クサイハナ
45,Vileplume,霸王花,ラフレシア
46,Paras,派拉斯,パラス
47,Parasect,派拉斯特,パラセクト
48,Venonat,毛球,コンパン
49,Venomoth,摩鲁蛾,モルフォン
50,Diglett,地鼠,ディグダ
51,Dugtrio,三地鼠,ダグトリオ
52,Meowth,喵喵,ニャース
53,Persian,猫老大,ペルシアン
54,Psyduck,可达鸭,コダック
55,Golduck,哥达鸭,ゴルダック
56,Mankey,猴怪,マンキー
57,Primeape,火爆猴,オコリザル
58,Growlithe,卡蒂狗,ガーディ
59,Arcanine,风速狗,ウインディ
60,Poliwag,蚊香蝌蚪,ニョロモ
61,Poliwhirl,蚊香君,ニョロゾ
62,Poliwrath,蚊香泳士,ニョロボン
63,Abra,凯西,ケーシィ
64,Kadabra,勇基拉,ユンゲラー
65,Alakazam,胡地,フーディン
66,Machop,腕力,ワンリキー
67,Machoke,豪力,ゴーリキー
68,Machamp,怪力,カイリキー
69,Bellsprout,喇叭芽,マダツボミ
70,Weepinbell,口呆花,ウツドン
71,Victreebel,大食花,ウツボット
72,Tentacool,玛瑙水母,メノクラゲ
73,Tentacruel,毒刺水母,ドククラゲ
74,Geodude,小拳石,イシツブテ
75,Graveler,隆隆石,ゴローン
76,Golem,隆隆岩,ゴローニャ
77,Ponyta,小火马,ポニータ
78,Rapidash,烈焰马,ギャロップ
79,Slowpoke,呆呆兽,ヤドン
80,Slowbro,呆壳兽,ヤドラン
81,Magnemite,小磁怪,コイル
82,Magneton,三合一磁怪,レアコイル
83,Farfetch'd,大葱鸭,カモネギ
84,Doduo,嘟嘟,ドードー
85,Dodrio,嘟嘟利,ドードリオ
86,Seel,小海狮,パウワウ
87,Dewgong,白海狮,ジュゴン
88,Grimer,臭泥,ベトベター
89,Muk,臭臭泥,ベトベトン
90,Shellder,大舌贝,シェルダー
91,Cloyster,刺甲贝,パルシェン
92,Gastly,鬼斯,ゴース
93,Haunter,鬼斯通,ゴースト
94,Gengar,耿鬼,ゲンガー
95,Onix,大岩蛇,イワーク
96,Drowzee,催眠貘,スリープ
97,Hypno,引梦貘人,スリーパー
98,Krabby,大钳蟹,クラブ
99,Kingler,巨钳蟹,キングラー
100,Voltorb,霹雳电球,ビリリダマ
101,Electrode,顽皮雷弹,マルマイン
102,Exeggcute,蛋蛋,タマタマ
103,Exeggutor,椰蛋树,ナッシー
104,Cubone,卡拉卡拉,カラカラ
105,Marowak,嘎啦嘎啦,ガラガラ
106,Hitmonlee,飞腿郎,サワムラー
107,Hitmonchan,快拳郎,エビワラー
108,Lickitung,大舌头,ベロリンガ
109,Koffing,瓦斯弹,ドガース
110,Weezing,双弹瓦斯,マタドガス
111,Rhyhorn,独角犀牛,サイホーン
112,Rhydon,钻角犀兽,サイドン
113,Chansey,吉利蛋,ラッキー
114,Tangela,蔓藤怪,モンジャラ
115,Kangaskhan,袋兽,ガルーラ
116,Horsea,墨海马,タッツー
117,Seadra,海刺龙,シードラ
118,Goldeen,角金鱼,トサキント
119,Seaking,金鱼王,アズマオウ
120,Staryu,海星星,ヒトデマン
121,Starmie,宝石海星,スターミー
122,Mr. Mime,魔墙人偶,バリヤード
123,Scyther,飞天螳螂,ストライク
124,Jynx,迷唇姐,ルージュラ
125,Electabuzz,电击兽,エレブー
126,Magmar,鸭嘴火兽,ブーバー
127,Pinsir,凯罗斯,カイロス
128,Tauros,肯泰罗,ケンタロス
129,Magikarp,鲤鱼王,コイキング
130,Gyarados,暴鲤龙,ギャラドス
131,Lapras,拉普拉斯,ラプラス
132,Ditto,百变怪,メタモン
133,Eevee,伊布,イーブイ
134,Vaporeon,水伊布,シャワーズ
135,Jolteon,雷伊布,サンダース
136,Flareon,火伊布,ブースター
137,Porygon,多边兽,ポリゴン
138,Omanyte,菊石兽,オムナイト
139,Omastar,多刺菊石兽,オムスター
140,Kabuto,化石盔,カブト
141,Kabutops,镰刀盔,カブトプス
142,Aerodactyl,化石翼龙,プテラ
143,Snorlax,卡比兽,カビゴン
144,Articuno,急冻鸟,フリーザー
145,Zapdos,闪电鸟,サンダー
146,Moltres,火焰鸟,ファイヤー
147,Dratini,迷你龙,ミニリュウ
148,Dragonair,哈克龙,ハクリュー
149,Dragonite,快龙,カイリュー
150,Mewtwo,超梦,ミュウツー
151,Mew,梦幻,ミュウ
152,Chikorita,菊草叶,チコリータ
153,Bayleef,月桂叶,ベイリーフ
154,Meganium,大竺葵,メガニウム
155,Cyndaquil,火球鼠,ヒノアラシ
156,Quilava,火岩鼠,マグマラシ
157,Typhlosion,火暴兽,バクフーン
158,Totodile,小锯鳄,ワニノコ
159,Croconaw,蓝鳄,アリゲイツ
160,Feraligatr,大力鳄,オーダイル
161,Sentret,尾立,オタチ
162,Furret,大尾立,オオタチ
163,Hoothoot,咕咕,ホーホー
164,Noctowl,猫头夜鹰,ヨルノズク
165,Ledyba,芭瓢虫,レディバ
166,Ledian,安瓢虫,レディアン
167,Spinarak,圆丝蛛,イトマル
168,Ariados,阿利多斯,アリアドス
169,Crobat,叉字蝠,クロバット
170,Chinchou,灯笼鱼,チョンチー
171,Lanturn,电灯怪,ランターン
172,Pichu,皮丘,ピチュー
173,Cleffa,皮宝宝,ピィ
174,Igglybuff,宝宝丁,ププリン
175,Togepi,波克比,トゲピー
176,Togetic,波克基古,トゲチック
177,Natu,天然雀,ネイティ
178,Xatu,天然鸟,ネイティオ
179,Mareep,咩利羊,メリープ
180,Flaaffy,茸茸羊,モココ
181,Ampharos,电龙,デンリュウ
182,Bellossom,美丽花,キレイハナ
183,Marill,玛力露,マリル
184,Azumarill,玛力露丽,マリルリ
185,Sudowoodo,树才怪,ウソッキー
186,Politoed,蚊香蛙皇,ニョロトノ
187,Hoppip,毽子草,ハネッコ
188,Skiploom,毽子花,ポポッコ
189,Jumpluff,毽子棉,ワタッコ
190,Aipom,长尾怪手,エイパム
191,Sunkern,向日种子,ヒマナッツ
192,Sunflora,向日花怪,キマワリ
193,Yanma,蜻蜻蜓,ヤンヤンマ
194,Wooper,乌波,ウパー
195,Quagsire,沼王,ヌオー
196,Espeon,太阳伊布,エーフィ
197,Umbreon,月亮伊布,ブラッキー
198,Murkrow,黑暗鸦,ヤミカラス
199,Slowking,呆呆王,ヤドキング
200,Misdreavus,梦妖,ムウマ
201,Unown,未知图腾,アンノーン
202,Wobbuffet,果然翁,ソーナンス
203,Girafarig,麒麟奇,キリンリキ
204,Pineco,榛果球,クヌギダマ
205,Forretress,佛烈托斯,フォレトス
206,Dunsparce,土龙弟弟,ノコッチ
207,Gligar,天蝎,グライガー
208,Steelix,大钢蛇,ハガネール
209,Snubbull,布鲁,ブルー
210,Granbull,布鲁皇,グランブル
211,Qwilfish,千针鱼,ハリーセン
212,Scizor,巨钳螳螂,ハッサム
213,Shuckle,壶壶,ツボツボ
214,Heracross,赫拉克罗斯,ヘラクロス
215,Sneasel,狃拉,ニューラ
216,Teddiursa,熊宝宝,ヒメグマ
217,Ursaring,圈圈熊,リングマ
218,Slugma,熔岩虫,マグマッグ
219,Magcargo,熔岩蜗牛,マグカルゴ
220,Swinub,小山猪,ウリムー
221,Piloswine,长毛猪,イノムー
222,Corsola,太阳珊瑚,サニーゴ
223,Remoraid,铁炮鱼,テッポウオ
224,Octillery,章鱼桶,オクタン
225,Delibird,信使鸟,デリバード
226,Mantine,巨翅飞鱼,マンタイン
227,Skarmory,盔甲鸟,エアームド
228,Houndour,戴鲁比,デルビル
229,Houndoom,黑鲁加,ヘルガー
230,Kingdra,刺龙王,キングドラ
231,Phanpy,小小象,ゴマゾウ
232,Donphan,顿甲,ドンファン
233,Porygon2,多边兽Ⅱ,ポリゴン２
234,Stantler,惊角鹿,オドシシ
235,Smeargle,图图犬,ドーブル
236,Tyrogue,无畏小子,バルキー
237,Hitmontop,战舞郎,カポエラー
238,Smoochum,迷唇娃,ムチュール
239,Elekid,电击怪,エレキッド
240,Magby,鸭嘴宝宝,ブビィ
241,Miltank,大奶罐,ミルタンク
242,Blissey,幸福蛋,ハピナス
243,Raikou,雷公,ライコウ
244,Entei,炎帝,エンテイ
245,Suicune,水君,スイクン
246,Larvitar,幼基拉斯,ヨーギラス
247,Pupitar,沙基拉斯,サナギラス
248,Tyranitar,班基拉斯,バンギラス
249,Lugia,洛奇亚,ルギア
250,Ho-Oh,凤王,ホウオウ
251,Celebi,时拉比,セレビィ
252,Treecko,木守宫,キモリ
253,Grovyle,森林蜥蜴,ジュプトル
254,Sceptile,蜥蜴王,ジュカイン
255,Torchic,火稚鸡,アチャモ
256,Combusken,力壮鸡,ワカシャモ
257,Blaziken,火焰鸡,バシャーモ
258,Mudkip,水跃鱼,ミズゴロウ
259,Marshtomp,沼跃鱼,ヌマクロー
260,Swampert,巨沼怪,ラグラージ
261,Poochyena,土狼犬,ポチエナ
262,Mightyena,大狼犬,グラエナ
263,Zigzagoon,蛇纹熊,ジグザグマ
264,Linoone,直冲熊,マッスグマ
265,Wurmple,刺尾虫,ケムッソ
266,Silcoon,甲壳茧,カラサリス
267,Beautifly,狩猎凤蝶,アゲハント
268,Cascoon,盾甲茧,マユルド
269,Dustox,毒粉蛾,ドクケイル
270,Lotad,莲叶童子,ハスボー
271,Lombre,莲帽小童,ハスブレロ
272,Ludicolo,乐天河童,ルンパッパ
273,Seedot,橡实果,タネボー
274,Nuzleaf,长鼻叶,コノハナ
275,Shiftry,狡猾天狗,ダーテング
276,Taillow,傲骨燕,スバメ
277,Swellow,大王燕,オオスバメ
278,Wingull,长翅鸥,キャモメ
279,Pelipper,大嘴鸥,ペリッパー
280,Ralts,拉鲁拉丝,ラルトス
281,Kirlia,奇鲁莉安,キルリア
282,Gardevoir,沙奈朵,サーナイト
283,Surskit,溜溜糖球,アメタマ
284,Masquerain,雨翅蛾,アメモース
285,Shroomish,蘑蘑菇,キノココ
286,Breloom,斗笠菇,キノガッサ
287,Slakoth,懒人獭,ナマケロ
288,Vigoroth,过动猿,ヤルキモノ
289,Slaking,请假王,ケッキング
290,Nincada,土居忍士,ツチニン
291,Ninjask,铁面忍者,テッカニン
292,Shedinja,脱壳忍者,ヌケニン
293,Whismur,咕妞妞,ゴニョニョ
294,Loudred,吼爆弹,ドゴーム
295,Exploud,爆音怪,バクオング
296,Makuhita,幕下力士,マクノシタ
297,Hariyama,铁掌力士,ハリテヤマ
298,Azurill,露力丽,ルリリ
299,Nosepass,朝北鼻,ノズパス
300,Skitty,向尾喵,エネコ
301,Delcatty,优雅猫,エネコロロ
302,Sableye,勾魂眼,ヤミラミ
303,Mawile,大嘴娃,クチート
304,Aron,可可多拉,ココドラ
305,Lairon,可多拉,コドラ
306,Aggron,波士可多拉,ボスゴドラ
307,Meditite,玛沙那,アサナン
308,Medicham,恰雷姆,チャーレム
309,Electrike,落雷兽,ラクライ
310,Manectric,雷电兽,ライボルト
311,Plusle,正电拍拍,プラスル
312,Minun,负电拍拍,マイナン
313,Volbeat,电萤虫,バルビート
314,Illumise,甜甜萤,イルミーゼ
315,Roselia,毒蔷薇,ロゼリア
316,Gulpin,溶食兽,ゴクリン
317,Swalot,吞食兽,マルノーム
318,Carvanha,利牙鱼,キバニア
319,Sharpedo,巨牙鲨,サメハダー
320,Wailmer,吼吼鲸,ホエルコ
321,Wailord,吼鲸王,ホエルオー
322,Numel,呆火驼,ドンメル
323,Camerupt,喷火驼,バクーダ
324,Torkoal,煤炭龟,コータス
325,Spoink,跳跳猪,バネブー
326,Grumpig,噗噗猪,ブーピッグ
327,Spinda,晃晃斑,パッチール
328,Trapinch,大颚蚁,ナックラー
329,Vibrava,超音波幼虫,ビブラーバ
330,Flygon,沙漠蜻蜓,フライゴン
331,Cacnea,刺球仙人掌,サボネア
332,Cacturne,梦歌仙人掌,ノクタス
333,Swablu,青绵鸟,チルット
334,Altaria,七夕青鸟,チルタリス
335,Zangoose,猫鼬斩,ザングース
336,Seviper,饭匙蛇,ハブネーク
337,Lunatone,月石,ルナトーン
338,Solrock,太阳岩,ソルロック
339,Barboach,泥泥鳅,ドジョッチ
340,Whiscash,鲶鱼王,ナマズン
341,Corphish,龙虾小兵,ヘイガニ
342,Crawdaunt,铁螯龙虾,シザリガー
343,Baltoy,天秤偶,ヤジロン
344,Claydol,念力土偶,ネンドール
345,Lileep,触手百合,リリーラ
346,Cradily,摇篮百合,ユレイドル
347,Anorith,太古羽虫,アノプス
348,Armaldo,太古盔甲,アーマルド
349,Feebas,丑丑鱼,ヒンバス
350,Milotic,美纳斯,ミロカロス
351,Castform,飘浮泡泡,ポワルン
352,Kecleon,变隐龙,カクレオン
353,Shuppet,怨影娃娃,カゲボウズ
354,Banette,诅咒娃娃,ジュペッタ
355,Duskull,夜巡灵,ヨマワル
356,Dusclops,彷徨夜灵,サマヨール
357,Tropius,热带龙,トロピウス
358,Chimecho,风铃铃,チリーン
359,Absol,阿勃梭鲁,アブソル
360,Wynaut,小果然,ソーナノ
361,Snorunt,雪童子,ユキワラシ
362,Glalie,冰鬼护,オニゴーリ
363,Spheal,海豹球,タマザラシ
364,Sealeo,海魔狮,トドグラー
365,Walrein,帝牙海狮,トドゼルガ
366,Clamperl,珍珠贝,パールル
367,Huntail,猎斑鱼,ハンテール
368,Gorebyss,樱花鱼,サクラビス
369,Relicanth,古空棘鱼,ジーランス
370,Luvdisc,爱心鱼,ラブカス
371,Bagon,宝贝龙,タツベイ
372,Shelgon,甲壳龙,コモルー
373,Salamence,暴飞龙,ボーマンダ
374,Beldum,铁哑铃,ダンバル
375,Metang,金属怪,メタング
376,Metagross,巨金怪,メタグロス
377,Regirock,雷吉洛克,レジロック
378,Regice,雷吉艾斯,レジアイス
379,Registeel,雷吉斯奇鲁,レジスチル
380,Latias,拉帝亚斯,ラティアス
381,Latios,拉帝欧斯,ラティオス
382,Kyogre,盖欧卡,カイオーガ
383,Groudon,固拉多,グラードン
384,Rayquaza,烈空坐,レックウザ
385,Jirachi,基拉祈,ジラーチ
386,Deoxys,代欧奇希斯,デオキシス
387,Turtwig,草苗龟,ナエトル
388,Grotle,树林龟,ハヤシガメ
389,Torterra,土台龟,ドダイトス
390,Chimchar,小火焰猴,ヒコザル
391,Monferno,猛火猴,モウカザル
392,Infernape,烈焰猴,ゴウカザル
393,Piplup,波加曼,ポッチャマ
394,Prinplup,波皇子,ポッタイシ
395,Empoleon,帝王拿波,エンペルト
396,Starly,姆克儿,ムックル
397,Staravia,姆克鸟,ムクバード
398,Staraptor,姆克鹰,ムクホーク
399,Bidoof,大牙狸,ビッパ
400,Bibarel,大尾狸,ビーダル
401,Kricketot,圆法师,コロボーシ
402,Kricketune,音箱蟀,コロトック
403,Shinx,小猫怪,コリンク
404,Luxio,勒克猫,ルクシオ
405,Luxray,伦琴猫,レントラー
406,Budew,含羞苞,スボミー
407,Roserade,罗丝雷朵,ロズレイド
408,Cranidos,头盖龙,ズガイドス
409,Rampardos,战槌龙,ラムパルド
410,Shieldon,盾甲龙,タテトプス
411,Bastiodon,护城龙,トリデプス
412,Burmy,结草儿,ミノムッチ
413,Wormadam,结草贵妇,ミノマダム
414,Mothim,绅士蛾,ガーメイル
415,Combee,三蜜蜂,ミツハニー
416,Vespiquen,蜂女王,ビークイン
417,Pachirisu,帕奇利兹,パチリス
418,Buizel,泳圈鼬,ブイゼル
419,Floatzel,浮潜鼬,フローゼル
420,Cherubi,樱花宝,チェリンボ
421,Cherrim,樱花儿,チェリム
422,Shellos,无壳海兔,カラナクシ
423,Gastrodon,海兔兽,トリトドン
424,Ambipom,双尾怪手,エテボース
425,Drifloon,飘飘球,フワンテ
426,Drifblim,随风球,フワライド
427,Buneary,卷卷耳,ミミロル
428,Lopunny,长耳兔,ミミロップ
429,Mismagius,梦妖魔,ムウマージ
430,Honchkrow,乌鸦头头,ドンカラス
431,Glameow,魅力喵,ニャルマー
432,Purugly,东施喵,ブニャット
433,Chingling,铃铛响,リーシャン
434,Stunky,臭鼬噗,スカンプー
435,Skuntank,坦克臭鼬,スカタンク
436,Bronzor,铜镜怪,ドーミラー
437,Bronzong,青铜钟,ドータクン
438,Bonsly,盆才怪,ウソハチ
439,Mime Jr.,魔尼尼,マネネ
440,Happiny,小福蛋,ピンプク
441,Chatot,聒噪鸟,ペラップ
442,Spiritomb,花岩怪,ミカルゲ
443,Gible,圆陆鲨,フカマル
444,Gabite,尖牙陆鲨,ガバイト
445,Garchomp,烈咬陆鲨,ガブリアス
446,Munchlax,小卡比兽,ゴンベ
447,Riolu,利欧路,リオル
448,Lucario,路卡利欧,ルカリオ
449,Hippopotas,沙河马,ヒポポタス
450,Hippowdon,河马兽,カバルドン
451,Skorupi,钳尾蝎,スコルピ
452,Drapion,龙王蝎,ドラピオン
453,Croagunk,不良蛙,グレッグル
454,Toxicroak,毒骷蛙,ドクロッグ
455,Carnivine,尖牙笼,マスキッパ
456,Finneon,荧光鱼,ケイコウオ
457,Lumineon,霓虹鱼,ネオラント
458,Mantyke,小球飞鱼,タマンタ
459,Snover,雪笠怪,ユキカブリ
460,Abomasnow,暴雪王,ユキノオー
461,Weavile,玛狃拉,マニューラ
462,Magnezone,自爆磁怪,ジバコイル
463,Lickilicky,大舌舔,ベロベルト
464,Rhyperior,超甲狂犀,ドサイドン
465,Tangrowth,巨蔓藤,モジャンボ
466,Electivire,电击魔兽,エレキブル
467,Magmortar,鸭嘴炎兽,ブーバーン
468,Togekiss,波克基斯,トゲキッス
469,Yanmega,远古巨蜓,メガヤンマ
470,Leafeon,叶伊布,リーフィア
471,Glaceon,冰伊布,グレイシア
472,Gliscor,天蝎王,グライオン
473,Mamoswine,象牙猪,マンムー
474,Porygon-Z,多边兽Ｚ,ポリゴンＺ
475,Gallade,艾路雷朵,エルレイド
476,Probopass,大朝北鼻,ダイノーズ
477,Dusknoir,黑夜魔灵,ヨノワール
478,Froslass,雪妖女,ユキメノコ
479,Rotom,洛托姆,ロトム
480,Uxie,由克希,ユクシー
481,Mesprit,艾姆利多,エムリット
482,Azelf,亚克诺姆,アグノム
483,Dialga,帝牙卢卡,ディアルガ
484,Palkia,帕路奇亚,パルキア
485,Heatran,席多蓝恩,ヒードラン
486,Regigigas,雷吉奇卡斯,レジギガス
487,Giratina,骑拉帝纳,ギラティナ
488,Cresselia,克雷色利亚,クレセリア
489,Phione,霏欧纳,フィオネ
490,Manaphy,玛纳霏,マナフィ
491,Darkrai,达克莱伊,ダークライ
492,Shaymin,谢米,シェイミ
493,Arceus,阿尔宙斯,アルセウス
494,Victini,比克提尼,ビクティニ
495,Snivy,藤藤蛇,ツタージャ
496,Servine,青藤蛇,ジャノビー
497,Serperior,君主蛇,ジャローダ
498,Tepig,暖暖猪,ポカブ
499,Pignite,炒炒猪,チャオブー
500,Emboar,炎武王,エンブオー
501,Oshawott,水水獭,ミジュマル
502,Dewott,双刃丸,フタチマル
503,Samurott,大剑鬼,ダイケンキ
504,Patrat,探探鼠,ミネズミ
505,Watchog,步哨鼠,ミルホッグ
506,Lillipup,小约克,ヨーテリー
507,Herdier,哈约克,ハーデリア
508,Stoutland,长毛狗,ムーランド
509,Purrloin,扒手猫,チョロネコ
510,Liepard,酷豹,レパルダス
511,Pansage,花椰猴,ヤナップ
512,Simisage,花椰猿,ヤナッキー
513,Pansear,爆香猴,バオップ
514,Simisear,爆香猿,バオッキー
515,Panpour,冷水猴,ヒヤップ
516,Simipour,冷水猿,ヒヤッキー
517,Munna,食梦梦,ムンナ
518,Musharna,梦梦蚀,ムシャーナ
519,Pidove,豆豆鸽,マメパト
520,Tranquill,咕咕鸽,ハトーボー
521,Unfezant,高傲雉鸡,ケンホロウ
522,Blitzle,斑斑马,シママ
523,Zebstrika,雷电斑马,ゼブライカ
524,Roggenrola,石丸子,ダンゴロ
525,Boldore,地幔岩,ガントル
526,Gigalith,庞岩怪,ギガイアス
527,Woobat,滚滚蝙蝠,コロモリ
528,Swoobat,心蝙蝠,ココロモリ
529,Drilbur,螺钉地鼠,モグリュー
530,Excadrill,龙头地鼠,ドリュウズ
531,Audino,差不多娃娃,タブンネ
532,Timburr,搬运小匠,ドッコラー
533,Gurdurr,铁骨土人,ドテッコツ
534,Conkeldurr,修建老匠,ローブシン
535,Tympole,圆蝌蚪,オタマロ
536,Palpitoad,蓝蟾蜍,ガマガル
537,Seismitoad,蟾蜍王,ガマゲロゲ
538,Throh,投摔鬼,ナゲキ
539,Sawk,打击鬼,ダゲキ
540,Sewaddle,虫宝包,クルミル
541,Swadloon,宝包茧,クルマユ
542,Leavanny,保姆虫,ハハコモリ
543,Venipede,百足蜈蚣,フシデ
544,Whirlipede,车轮球,ホイーガ
545,Scolipede,蜈蚣王,ペンドラー
546,Cottonee,木棉球*,モンメン
547,Whimsicott,风妖精*,エルフーン
548,Petilil,百合根娃娃,チュリネ
549,Lilligant,裙儿小姐,ドレディア
550,Basculin,野蛮鲈鱼,バスラオ
551,Sandile,黑眼鳄,メグロコ
552,Krokorok,混混鳄,ワルビル
553,Krookodile,流氓鳄,ワルビアル
554,Darumaka,火红不倒翁,ダルマッカ
555,Darmanitan,达摩狒狒,ヒヒダルマ
556,Maractus,沙铃仙人掌,マラカッチ
557,Dwebble,石居蟹,イシズマイ
558,Crustle,岩殿居蟹,イワパレス
559,Scraggy,滑滑小子,ズルッグ
560,Scrafty,头巾混混,ズルズキン
561,Sigilyph,象征鸟,シンボラー
562,Yamask,哭哭面具,デスマス
563,Cofagrigus,死神棺,デスカーン
564,Tirtouga,原盖海龟,プロトーガ
565,Carracosta,肋骨海龟,アバゴーラ
566,Archen,始祖小鸟,アーケン
567,Archeops,始祖大鸟,アーケオス
568,Trubbish,破破袋,ヤブクロン
569,Garbodor,灰尘山,ダストダス
570,Zorua,索罗亚,ゾロア
571,Zoroark,索罗亚克,ゾロアーク
572,Minccino,泡沫栗鼠,チラーミィ
573,Cinccino,奇诺栗鼠,チラチーノ
574,Gothita,哥德宝宝,ゴチム
575,Gothorita,哥德小童,ゴチミル
576,Gothitelle,哥德小姐,ゴチルゼル
577,Solosis,单卵细胞球,ユニラン
578,Duosion,双卵细胞球,ダブラン
579,Reuniclus,人造细胞卵,ランクルス
580,Ducklett,鸭宝宝,コアルヒー
581,Swanna,舞天鹅,スワンナ
582,Vanillite,迷你冰,バニプッチ
583,Vanillish,多多冰,バニリッチ
584,Vanilluxe,双倍多多冰,バイバニラ
585,Deerling,四季鹿,シキジカ
586,Sawsbuck,萌芽鹿,メブキジカ
587,Emolga,电飞鼠,エモンガ
588,Karrablast,盖盖虫,カブルモ
589,Escavalier,骑士蜗牛,シュバルゴ
590,Foongus,哎呀球菇,タマゲタケ
591,Amoonguss,败露球菇,モロバレル
592,Frillish,轻飘飘,プルリル
593,Jellicent,胖嘟嘟,ブルンゲル
594,Alomomola,保姆曼波,ママンボウ
595,Joltik,电电虫,バチュル
596,Galvantula,电蜘蛛,デンチュラ
597,Ferroseed,种子铁球,テッシード
598,Ferrothorn,坚果哑铃,ナットレイ
599,Klink,齿轮儿,ギアル
600,Klang,齿轮组,ギギアル
601,Klinklang,齿轮怪,ギギギアル
602,Tynamo,麻麻小鱼,シビシラス
603,Eelektrik,麻麻鳗,シビビール
604,Eelektross,麻麻鳗鱼王,シビルドン
605,Elgyem,小灰怪,リグレー
606,Beheeyem,大宇怪,オーベム
607,Litwick,烛光灵,ヒトモシ
608,Lampent,灯火幽灵,ランプラー
609,Chandelure,水晶灯火灵,シャンデラ
610,Axew,牙牙,キバゴ
611,Fraxure,斧牙龙,オノンド
612,Haxorus,双斧战龙,オノノクス
613,Cubchoo,喷嚏熊,クマシュン
614,Beartic,冻原熊,ツンベアー
615,Cryogonal,几何雪花,フリージオ
616,Shelmet,小嘴蜗,チョボマキ
617,Accelgor,敏捷虫,アギルダー
618,Stunfisk,泥巴鱼,マッギョ
619,Mienfoo,功夫鼬,コジョフー
620,Mienshao,师父鼬,コジョンド
621,Druddigon,赤面龙,クリムガン
622,Golett,泥偶小人,ゴビット
623,Golurk,泥偶巨人,ゴルーグ
624,Pawniard,驹刀小兵,コマタナ
625,Bisharp,劈斩司令,キリキザン
626,Bouffalant,爆炸头水牛,バッフロン
627,Rufflet,毛头小鹰,ワシボン
628,Braviary,勇士雄鹰,ウォーグル
629,Vullaby,秃鹰丫头,バルチャイ
630,Mandibuzz,秃鹰娜,バルジーナ
631,Heatmor,熔蚁兽,クイタラン
632,Durant,铁蚁,アイアント
633,Deino,单首龙,モノズ
634,Zweilous,双首暴龙,ジヘッド
635,Hydreigon,三首恶龙,サザンドラ
636,Larvesta,燃烧虫,メラルバ
637,Volcarona,火神蛾,ウルガモス
638,Cobalion,勾帕路翁,コバルオン
639,Terrakion,代拉基翁,テラキオン
640,Virizion,毕力吉翁,ビリジオン
641,Tornadus,龙卷云,トルネロス
642,Thundurus,雷电云,ボルトロス
643,Reshiram,莱希拉姆,レシラム
644,Zekrom,捷克罗姆,ゼクロム
645,Landorus,土地云,ランドロス
646,Kyurem,酋雷姆,キュレム
647,Keldeo,凯路迪欧,ケルディオ
648,Meloetta,美洛耶塔,メロエッタ
649,Genesect,盖诺赛克特,ゲノセクト
650,Chespin,哈力栗,ハリマロン
651,Quilladin,胖胖哈力,ハリボーグ
652,Chesnaught,布里卡隆,ブリガロン
653,Fennekin,火狐狸,フォッコ
654,Braixen,长尾火狐,テールナー
655,Delphox,妖火红狐,マフォクシー
656,Froakie,呱呱泡蛙,ケロマツ
657,Frogadier,呱头蛙,ゲコガシラ
658,Greninja,甲贺忍蛙,ゲッコウガ
659,Bunnelby,掘掘兔,ホルビー
660,Diggersby,掘地兔,ホルード
661,Fletchling,小箭雀,ヤヤコマ
662,Fletchinder,火箭雀,ヒノヤコマ
663,Talonflame,烈箭鹰,ファイアロー
664,Scatterbug,粉蝶虫,コフキムシ
665,Spewpa,粉蝶蛹,コフーライ
666,Vivillon,彩粉蝶,ビビヨン
667,Litleo,小狮狮,シシコ
668,Pyroar,火炎狮,カエンジシ
669,Flabébé,花蓓蓓,フラベベ
670,Floette,花叶蒂,フラエッテ
671,Florges,花洁夫人,フラージェス
672,Skiddo,坐骑小羊,メェークル
673,Gogoat,坐骑山羊,ゴーゴート
674,Pancham,顽皮熊猫,ヤンチャム
675,Pangoro,流氓熊猫,ゴロンダ
676,Furfrou,多丽米亚,トリミアン
677,Espurr,妙喵,ニャスパー
678,Meowstic,超能妙喵,ニャオニクス
679,Honedge,独剑鞘,ヒトツキ
680,Doublade,双剑鞘,ニダンギル
681,Aegislash,坚盾剑怪,ギルガルド
682,Spritzee,粉香香,シュシュプ
683,Aromatisse,芳香精,フレフワン
684,Swirlix,绵绵泡芙,ペロッパフ
685,Slurpuff,胖甜妮,ペロリーム
686,Inkay,好啦鱿,マーイーカ
687,Malamar,乌贼王,カラマネロ
688,Binacle,龟脚脚,カメテテ
689,Barbaracle,龟足巨铠,ガメノデス
690,Skrelp,垃垃藻,クズモー
691,Dragalge,毒藻龙,ドラミドロ
692,Clauncher,铁臂枪虾,ウデッポウ
693,Clawitzer,钢炮臂虾,ブロスター
694,Helioptile,伞电蜥,エリキテル
695,Heliolisk,光电伞蜥,エレザード
696,Tyrunt,宝宝暴龙,チゴラス
697,Tyrantrum,怪颚龙,ガチゴラス
698,Amaura,冰雪龙,アマルス
699,Aurorus,冰雪巨龙,アマルルガ
700,Sylveon,仙子伊布,ニンフィア
701,Hawlucha,摔角鹰人,ルチャブル
702,Dedenne,咚咚鼠,デデンネ
703,Carbink,小碎钻,メレシー
704,Goomy,黏黏宝,ヌメラ
705,Sliggoo,黏美儿,ヌメイル
706,Goodra,黏美龙,ヌメルゴン
707,Klefki,钥圈儿,クレッフィ
708,Phantump,小木灵,ボクレー
709,Trevenant,朽木妖,オーロット
710,Pumpkaboo,南瓜精,バケッチャ
711,Gourgeist,南瓜怪人,パンプジン
712,Bergmite,冰宝,カチコール
713,Avalugg,冰岩怪,クレベース
714,Noibat,嗡蝠,オンバット
715,Noivern,音波龙,オンバーン
716,Xerneas,哲尔尼亚斯,ゼルネアス
717,Yveltal,伊裴尔塔尔,イベルタル
718,Zygarde,基格尔德,ジガルデ
719,Diancie,蒂安希,ディアンシー
720,Hoopa,胡帕,フーパ
721,Volcanion,波尔凯尼恩,ボルケニオン?
722,Rowlet,木木枭,モクロー
723,Dartrix,投羽枭,フクスロー
724,Decidueye,狙射树枭,ジュナイパー
725,Litten,火斑喵,ニャビー
726,Torracat,炎热喵,ニャヒート
727,Incineroar,炽焰咆哮虎,ガオガエン
728,Popplio,球球海狮,アシマリ
729,Brionne,花漾海狮,オシャマリ
730,Primarina,西狮海壬,アシレーヌ
731,Pikipek,小笃儿,ツツケラ
732,Trumbeak,喇叭啄鸟,ケララッパ
733,Toucannon,铳嘴大鸟,ドデカバシ
734,Yungoos,猫鼬少,ヤングース
735,Gumshoos,猫鼬探长,デカグース
736,Grubbin,强颚鸡母虫,アゴジムシ
737,Charjabug,虫电宝,デンヂムシ
738,Vikavolt,锹农炮虫,クワガノン
739,Crabrawler,好胜蟹,マケンカニ
740,Crabominable,好胜毛蟹,ケケンカニ
741,Oricorio,花舞鸟,オドリドリ
742,Cutiefly,萌虻,アブリー
743,Ribombee,蝶结萌虻,アブリボン
744,Rockruff,岩狗狗,イワンコ
745,Lycanroc,鬃岩狼人,ルガルガン
746,Wishiwashi,弱丁鱼,ヨワシ
747,Mareanie,好坏星,ヒドイデ
748,Toxapex,超坏星,ドヒドイデ
749,Mudbray,泥驴仔,ドロバンコ
750,Mudsdale,重泥挽马,バンバドロ
751,Dewpider,滴蛛,シズクモ
752,Araquanid,滴蛛霸,オニシズクモ
753,Fomantis,伪螳草,カリキリ
754,Lurantis,兰螳花,ラランテス
755,Morelull,睡睡菇,ネマシュ
756,Shiinotic,灯罩夜菇,マシェード
757,Salandit,夜盗火蜥,ヤトウモリ
758,Salazzle,焰后蜥,エンニュート
759,Stufful,童偶熊,ヌイコグマ
760,Bewear,穿着熊,キテルグマ
761,Bounsweet,甜竹竹,アマカジ
762,Steenee,甜舞妮,アママイコ
763,Tsareena,甜冷美后,アマージョ
764,Comfey,花疗环环,キュワワー
765,Oranguru,智挥猩,ヤレユータン
766,Passimian,投掷猴,ナゲツケサル
767,Wimpod,胆小虫,コソクムシ
768,Golisopod,具甲武者,グソクムシャ
769,Sandygast,沙丘娃,スナバァ
770,Palossand,噬沙堡爷,シロデスナ
771,Pyukumuku,拳海参,ナマコブシ
772,Type: Null,属性：空,タイプ：ヌル
773,Silvally,银伴战兽,シルヴァディ
774,Minior,小陨星,メテノ
775,Komala,树枕尾熊,ネッコアラ
776,Turtonator,爆焰龟兽,バクガメス
777,Togedemaru,托戈德玛尔,トゲデマル
778,Mimikyu,谜拟Ｑ,ミミッキュ
779,Bruxish,磨牙彩皮鱼,ハギギシリ
780,Drampa,老翁龙,ジジーロン
781,Dhelmise,破破舵轮,ダダリン
782,Jangmo-o,心鳞宝,ジャラコ
783,Hakamo-o,鳞甲龙,ジャランゴ
784,Kommo-o,杖尾鳞甲龙,ジャラランガ
785,Tapu Koko,卡璞?鸣鸣,カプ?コケコ
786,Tapu Lele,卡璞?蝶蝶,カプ?テテフ
787,Tapu Bulu,卡璞?哞哞,カプ?ブルル
788,Tapu Fini,卡璞?鳍鳍,カプ?レヒレ
789,Cosmog,科斯莫古,コスモッグ
790,Cosmoem,科斯莫姆,コスモウム
791,Solgaleo,索尔迦雷欧,ソルガレオ
792,Lunala,露奈雅拉,ルナアーラ
793,Nihilego,虚吾伊德,ウツロイド
794,Buzzwole,爆肌蚊,マッシブーン
795,Pheromosa,费洛美螂,フェローチェ
796,Xurkitree,电束木,デンジュモク
797,Celesteela,铁火辉夜,テッカグヤ
798,Kartana,纸御剑,カミツルギ
799,Guzzlord,恶食大王,アクジキング
800,Necrozma,奈克洛兹玛,ネクロズマ
801,Magearna,玛机雅娜,マギアナ
802,Marshadow,玛夏多,マーシャドー
803,Poipole,毒贝比,ベベノム
804,Naganadel,四颚针龙,アーゴヨン
805,Stakataka,垒磊石,ツンデツンデ
806,Blacephalon,砰头小丑,ズガドーン
807,Zeraora,捷拉奥拉,ゼラオラ
808,Meltan,美录坦,メルタン
809,Melmetal,美录梅塔,メルメタル
810,Grookey,敲音猴,サルノリ
811,Thwackey,啪咚猴,バチンキー
812,Rillaboom,轰擂金刚猩,ゴリランダー
813,Scorbunny,炎兔儿,ヒバニー
814,Raboot,腾蹴小将,ラビフット
815,Cinderace,闪焰王牌,エースバーン
816,Sobble,泪眼蜥,メッソン
817,Drizzile,变涩蜥,ジメレオン
818,Inteleon,千面避役,インテレオン
819,Skwovet,贪心栗鼠,ホシガリス
820,Greedent,藏饱栗鼠,ヨクバリス
821,Rookidee,稚山雀,ココガラ
822,Corvisquire,蓝鸦,アオガラス
823,Corviknight,钢铠鸦,アーマーガア
824,Blipbug,索侦虫,サッチムシ
825,Dottler,天罩虫,レドームシ
826,Orbeetle,以欧路普,イオルブ
827,Nickit,狡小狐,クスネ
828,Thievul,猾大狐,フォクスライ
829,Gossifleur,幼棉棉,ヒメンカ
830,Eldegoss,白蓬蓬,ワタシラガ
831,Wooloo,毛辫羊,ウールー
832,Dubwool,毛毛角羊,バイウールー
833,Chewtle,咬咬龟,カムカメ
834,Drednaw,暴噬龟,カジリガメ
835,Yamper,来电汪,ワンパチ
836,Boltund,逐电犬,パルスワン
837,Rolycoly,小炭仔,タンドン
838,Carkol,大炭车,トロッゴン
839,Coalossal,巨炭山,セキタンザン
840,Applin,啃果虫,カジッチュ
841,Flapple,苹裹龙,アップリュー
842,Appletun,丰蜜龙,タルップル
843,Silicobra,沙包蛇,スナヘビ
844,Sandaconda,沙螺蟒,サダイジャ
845,Cramorant,古月鸟,ウッウ
846,Arrokuda,刺梭鱼,サシカマス
847,Barraskewda,戽斗尖梭,カマスジョー
848,Toxel,电音婴,エレズン
849,Toxtricity,颤弦蝾螈,ストリンダー
850,Sizzlipede,烧火蚣,ヤクデ
851,Centiskorch,焚焰蚣,マルヤクデ
852,Clobbopus,拳拳蛸,タタッコ
853,Grapploct,八爪武师,オトスパス
854,Sinistea,来悲茶,ヤバチャ
855,Polteageist,怖思壶,ポットデス
856,Hatenna,迷布莉姆,ミブリム
857,Hattrem,提布莉姆,テブリム
858,Hatterene,布莉姆温,ブリムオン
859,Impidimp,捣蛋小妖,ベロバー
860,Morgrem,诈唬魔,ギモー
861,Grimmsnarl,长毛巨魔,オーロンゲ
862,Obstagoon,堵拦熊,タチフサグマ
863,Perrserker,喵头目,ニャイキング
864,Cursola,魔灵珊瑚,サニゴーン
865,Sirfetch'd,葱游兵,ネギガナイト
866,Mr. Rime,踏冰人偶,バリコオル
867,Runerigus,迭失板,デスバーン
868,Milcery,小仙奶,マホミル
869,Alcremie,霜奶仙,マホイップ
870,Falinks,列阵兵,タイレーツ
871,Pincurchin,啪嚓海胆,バチンウニ
872,Snom,雪吞虫,ユキハミ
873,Frosmoth,雪绒蛾,モスノウ
874,Stonjourner,巨石丁,イシヘンジン
875,Eiscue,冰砌鹅,コオリッポ
876,Indeedee,爱管侍,イエッサン
877,Morpeko,莫鲁贝可,モルペコ
878,Cufant,铜象,ゾウドウ
879,Copperajah,大王铜象,ダイオウドウ
880,Dracozolt,雷鸟龙,パッチラゴン
881,Arctozolt,雷鸟海兽,パッチルドン
882,Dracovish,鳃鱼龙,ウオノラゴン
883,Arctovish,鳃鱼海兽,ウオチルドン
884,Duraludon,铝钢龙,ジュラルドン
885,Dreepy,多龙梅西亚,ドラメシヤ
886,Drakloak,多龙奇,ドロンチ
887,Dragapult,多龙巴鲁托,ドラパルト
888,Zacian,苍响,ザシアン
889,Zamazenta,藏玛然特,ザマゼンタ
890,Eternatus,无极汰那,ムゲンダイナ
891,Kubfu,熊徒弟,ダクマ
892,Urshifu,武道熊师,ウーラオス
893,Zarude,萨戮德,ザルード
894,Regieleki,雷吉艾勒奇,レジエレキ
895,Regidrago,雷吉铎拉戈,レジドラゴ
896,Glastrier,雪暴马,ブリザポス
897,Spectrier,灵幽马,レイスポス
898,Calyrex,蕾冠王,バドレックス
899,Wyrdeer,诡角鹿,アヤシシ
900,Kleavor,劈斧螳螂,バサギリ
901,Ursaluna,月月熊,ガチグマ
902,Basculegion,幽尾玄鱼,イダイトウ
903,Sneasler,大狃拉,オオニューラ
904,Overqwil,万针鱼,ハリーマン
905,Enamorus,眷恋云,ラブトロス
906,Sprigatito,新叶喵,ニャオハ
907,Floragato,蒂蕾喵,ニャローテ
908,Meowscarada,魔幻假面喵,マスカーニャ
909,Fuecoco,呆火鳄,ホゲータ
910,Crocalor,炙烫鳄,アチゲータ
911,Skeledirge,骨纹巨声鳄,ラウドボーン
912,Quaxly,润水鸭,クワッス
913,Quaxwell,涌跃鸭,ウェルカモ
914,Quaquaval,狂欢浪舞鸭,ウェーニバル
915,Lechonk,爱吃豚,グルトン
916,Oinkologne,飘香豚,パフュートン
917,Tarountula,团珠蛛,タマンチュラ
918,Spidops,操陷蛛,ワナイダー
919,Nymble,豆蟋蟀,マメバッタ
920,Lokix,烈腿蝗,エクスレッグ
921,Pawmi,布拨,パモ
922,Pawmo,布土拨,パモット
923,Pawmot,巴布土拨,パーモット
924,Tandemaus,一对鼠,ワッカネズミ
925,Maushold,一家鼠,イッカネズミ
926,Fidough,狗仔包,パピモッチ
927,Dachsbun,麻花犬,バウッツェル
928,Smoliv,迷你芙,ミニーブ
929,Dolliv,奥利纽,オリーニョ
930,Arboliva,奥利瓦,オリーヴァ
931,Squawkabilly,怒鹦哥,イキリンコ
932,Nacli,盐石宝,コジオ
933,Naclstack,盐石垒,ジオヅム
934,Garganacl,盐石巨灵,キョジオーン
935,Charcadet,炭小侍,カルボウ
936,Armarouge,红莲铠骑,グレンアルマ
937,Ceruledge,苍炎刃鬼,ソウブレイズ
938,Tadbulb,光蚪仔,ズピカ
939,Bellibolt,电肚蛙,ハラバリー
940,Wattrel,电海燕,カイデン
941,Kilowattrel,大电海燕,タイカイデン
942,Maschiff,偶叫獒,オラチフ
943,Mabosstiff,獒教父,マフィティフ
944,Shroodle,滋汁鼹,シルシュルー
945,Grafaiai,涂标客,タギングル
946,Bramblin,纳噬草,アノクサ
947,Brambleghast,怖纳噬草,アノホラグサ
948,Toedscool,原野水母,ノノクラゲ
949,Toedscruel,陆地水母,リククラゲ
950,Klawf,毛崖蟹,ガケガニ
951,Capsakid,热辣娃,カプサイジ
952,Scovillain,狠辣椒,スコヴィラン
953,Rellor,虫滚泥,シガロコ
954,Rabsca,虫甲圣,ベラカス
955,Flittle,飘飘雏,ヒラヒナ
956,Espathra,超能艳鸵,クエスパトラ
957,Tinkatink,小锻匠,カヌチャン
958,Tinkatuff,巧锻匠,ナカヌチャン
959,Tinkaton,巨锻匠,デカヌチャン
960,Wiglett,海地鼠,ウミディグダ
961,Wugtrio,三海地鼠,ウミトリオ
962,Bombirdier,下石鸟,オトシドリ
963,Finizen,波普海豚,ナミイルカ
964,Palafin,海豚侠,イルカマン
965,Varoom,噗隆隆,ブロロン
966,Revavroom,普隆隆姆,ブロロローム
967,Cyclizar,摩托蜥,モトトカゲ
968,Orthworm,拖拖蚓,ミミズズ
969,Glimmet,晶光芽,キラーメ
970,Glimmora,晶光花,キラフロル
971,Greavard,墓仔狗,ボチ
972,Houndstone,墓扬犬,ハカドッグ
973,Flamigo,缠红鹤,カラミンゴ
974,Cetoddle,走鲸,アルクジラ
975,Cetitan,浩大鲸,ハルクジラ
976,Veluza,轻身鳕,ミガルーサ
977,Dondozo,吃吼霸,ヘイラッシャ
978,Tatsugiri,米立龙,シャリタツ
979,Annihilape,弃世猴,コノヨザル
980,Clodsire,土王,ドオー
981,Farigiraf,奇麒麟,リキキリン
982,Dudunsparce,土龙节节,ノココッチ
983,Kingambit,仆斩将军,ドドゲザン
984,Great Tusk,雄伟牙,イダイナキバ
985,Scream Tail,吼叫尾,サケブシッポ
986,Brute Bonnet,猛恶菇,アラブルタケ
987,Flutter Mane,振翼发,ハバタクカミ
988,Slither Wing,爬地翅,チヲハウハネ
989,Sandy Shocks,沙铁皮,スナノケガワ
990,Iron Treads,铁辙迹,テツノワダチ
991,Iron Bundle,铁包袱,テツノツツミ
992,Iron Hands,铁臂膀,テツノカイナ
993,Iron Jugulis,铁脖颈,テツノコウベ
994,Iron Moth,铁毒蛾,テツノドクガ
995,Iron Thorns,铁荆棘,テツノイバラ
996,Frigibax,凉脊龙,セビエ
997,Arctibax,冻脊龙,セゴール
998,Baxcalibur,戟脊龙,セグレイブ
999,Gimmighoul,索财灵,コレクレー
1000,Gholdengo,赛富豪,サーフゴー
1001,Wo-Chien,古简蜗,チオンジェン
1002,Chien-Pao,古剑豹,パオジアン
1003,Ting-Lu,古鼎鹿,ディンルー
1004,Chi-Yu,古玉鱼,イーユイ
1005,Roaring Moon,轰鸣月,トドロクツキ
1006,Iron Valiant,铁武者,テツノブジン
1007,Koraidon,故勒顿,コライドン
1008,Miraidon,密勒顿,ミライドン
1009,Walking Wake,波荡水,ウネルミナモ
1010,Iron Leaves,铁斑叶,テツノイサハ
1011,Dipplin,裹蜜虫,カミッチュ
1012,Poltchageist,斯魔茶,チャデス
1013,Sinistcha,来悲粗茶,ヤバソチャ
1014,Okidogi,够赞狗,イイネイヌ
1015,Munkidori,愿增猿,マシマシラ
1016,Fezandipiti,吉雉鸡,キチギキス
1017,Ogerpon,厄鬼椪,オーガポン
1018,Archaludon,铝钢桥龙,ブリジュラス
1019,Hydrapple,蜜集大蛇,カミツオロチ
1020,Gouging Fire,破空焰,ウガツホムラ
1021,Raging Bolt,猛雷鼓,タケルライコ
1022,Iron Boulder,铁磐岩,テツノイワオ
1023,Iron Crown,铁头壳,テツノカシラ
1024,Terapagos,太乐巴戈斯,テラパゴス
1025,Pecharunt,桃歹郎,モモワロウ